Edad,Numero de cuartos,Nivel educativo padre,Nivel educativo madre,region, Ultimo nivel de escolaridad,mujer,indigena,pr1,pr2,pr3,pr4,pr5,pr6,pr7,pr8,pr9,pr10
30,2,4,2,5,9,0,1,0.325436592,0.249556318,0.16354014,0.105449706,0.075045213,0.048004135,0.020455079,0.009430161,0.002794435,0.000288202
25,6,2,3,1,0,0,0,0.278312653,0.243135467,0.17125164,0.116690166,0.087360598,0.059016701,0.026617352,0.013002181,0.004142005,0.000471219
31,1,2,2,5,0,1,1,0.858000159,0.098646097,0.028073793,0.009655814,0.003887919,0.001350424,0.000302503,7.32E-05,9.75E-06,3.41E-07
37,3,2,2,2,12,0,0,0.008892138,0.033063501,0.058545679,0.081816494,0.119574212,0.166755721,0.158185512,0.167437509,0.142093673,0.063635573
27,3,5,2,4,18,1,0,0.00080231,0.005176106,0.013545301,0.025841823,0.050759263,0.097763658,0.128328368,0.192278847,0.255843788,0.229660526
47,5,3,2,4,12,1,1,0.001658589,0.009206346,0.021630008,0.037854314,0.068480067,0.120538056,0.144577324,0.196578771,0.230526894,0.168949634
34,6,2,2,3,16,1,0,0.004131481,0.018646644,0.037822317,0.058873657,0.095284231,0.148515359,0.157631397,0.188030317,0.186125293,0.104939312